id;name;simple_name;description;creation_time;update_time
1;turquoise Loan engage;incentivize;indexing withdrawal;2021-09-07T16:26:56;2021-09-08T01:36:47
2;Interactions;initiative mobile Nuevo;systems Mountains Borders;2021-09-07T14:19:03;2021-09-07T15:59:45
3;knowledge Uzbekistan bluetooth;Granite invoice Small;Fresh;2021-09-07T21:23:20;2021-09-07T17:15:22
4;mint bypassing one-to-one;Cambridgeshire Concrete pixel;Fantastic;2021-09-07T23:27:38;2021-09-07T16:48:29
5;exuding harness EXE;visionary Cheese Granite;complexity;2021-09-07T22:55:00;2021-09-08T06:05:32
6;Pants didactic;transmit;Station auxiliary Senior;2021-09-07T12:38:19;2021-09-08T05:45:15
7;Cotton;panel intuitive;incremental;2021-09-07T18:16:05;2021-09-07T12:16:47
8;infrastructure;Senior;Loan;2021-09-07T06:52:59;2021-09-08T06:42:58
9;Global Pakistan Colorado;Principal;Balanced;2021-09-07T23:19:19;2021-09-08T04:49:57
10;eco-centric XSS Tasty;IB;analyzing bi-directional;2021-09-07T15:52:43;2021-09-08T03:46:10
