id;reason;message;creation_time;update_time
1;Borders Rustic Handmade;Street withdrawal Mouse;2021-09-08T02:51:06;2021-09-07T14:03:13
2;Wells Borders Mississippi;compress generate Optimization;2021-09-07T12:02:19;2021-09-07T18:23:10
3;Account Future;Libyan installation;2021-09-07T17:34:43;2021-09-08T03:22:48
4;Corporate monitoring transmitting;indigo Borders;2021-09-07T15:08:28;2021-09-08T05:52:03
5;Arizona end-to-end SMS;SMTP Officer;2021-09-07T23:58:06;2021-09-07T07:24:04
6;channels;indigo Plastic feed;2021-09-07T15:54:04;2021-09-07T08:16:48
7;Gloves;networks harness Paradigm;2021-09-08T01:25:36;2021-09-08T05:28:35
8;Coves;Kids primary overriding;2021-09-07T08:47:53;2021-09-07T08:12:49
9;Table scalable Product;Cotton;2021-09-07T10:31:55;2021-09-07T20:24:22
10;networks Land;Web Maine;2021-09-07T08:25:29;2021-09-07T20:09:25
