id;connect_rest_api_url;description;version;creation_time;update_time
1;deposit expedite;Applications Generic Colombian;programming;2021-09-07T23:09:38;2021-09-07T20:44:33
2;1080p PCI client-driven;Buckinghamshire Operations;transitional;2021-09-07T18:33:56;2021-09-07T11:03:48
3;Analyst;copying Cotton Configuration;parse;2021-09-07T14:03:12;2021-09-07T08:43:18
4;copying Avon;primary Web challenge;Iowa;2021-09-07T20:31:17;2021-09-08T04:12:47
5;optical e-services Games;Web Togo;Synergistic;2021-09-07T07:20:27;2021-09-08T05:57:30
6;Plastic Forward;Kuwait;azure deposit deposit;2021-09-07T15:59:48;2021-09-07T19:28:12
7;Alaska AI;metrics;Granite;2021-09-07T17:53:49;2021-09-07T12:46:51
8;Home;Kentucky;Automotive Virginia;2021-09-08T05:30:15;2021-09-08T00:29:23
9;tan;indexing;Chicken Borders Lead;2021-09-07T17:04:18;2021-09-08T00:13:58
10;deposit implementation black;Consultant client-server;solid Orchestrator Operative;2021-09-07T09:16:08;2021-09-07T11:52:15
