id;name;value;creation_time;update_time
1;Jewelery HDD;synergistic;2021-09-07T12:18:41;2021-09-07T20:26:13
2;Frozen;Dakota Agent;2021-09-07T07:59:49;2021-09-07T21:42:15
3;pixel mobile payment;cohesive Steel Branding;2021-09-07T08:26:31;2021-09-08T06:13:17
4;Senior;parse web-readiness;2021-09-08T06:19:57;2021-09-07T21:43:03
5;Dollar olive Home;Bike;2021-09-07T11:57:26;2021-09-07T19:38:39
6;PNG dynamic;Handcrafted Plaza hack;2021-09-07T10:17:43;2021-09-07T18:51:43
7;matrix projection Practical;methodical;2021-09-08T02:12:27;2021-09-08T03:55:55
8;Savings Handmade;optical Kids;2021-09-07T15:26:49;2021-09-07T14:36:06
9;Hat Berkshire Tactics;withdrawal;2021-09-07T18:16:34;2021-09-07T15:58:42
10;platforms;Niger invoice;2021-09-07T21:02:04;2021-09-07T23:18:02
