id;name;rpc_address;rpc_port;creation_time;update_time
1;neutral Bacon;Account Ridges;Practical;2021-09-12T23:52:42;2021-09-12T16:08:21
2;enable;deliverables;multi-byte;2021-09-12T19:23:00;2021-09-12T17:50:40
3;Ecuador neural wireless;IB Reverse-engineered Fantastic;set synthe;2021-09-13T01:35:56;2021-09-12T06:03:56
4;Borders infrastructure Australia;Account Throughway;bandwidth ;2021-09-12T04:33:08;2021-09-13T00:21:42
5;indexing;Shoes visualize;Gardens;2021-09-13T00:29:12;2021-09-12T07:23:48
6;Shores Tasty Books;Home Home Polarised;Borders;2021-09-12T13:42:43;2021-09-12T17:35:30
7;Product Bacon;reboot;object-ori;2021-09-13T01:32:16;2021-09-13T02:56:40
8;Producer benchmark copy;calculating;Dominican;2021-09-12T07:07:05;2021-09-12T23:39:54
9;Industrial;Personal;definition;2021-09-12T18:03:45;2021-09-12T07:12:31
10;Gorgeous;HTTP Soft Ball;Ford;2021-09-12T11:07:11;2021-09-12T03:19:08
