id;name;client_failover_proxy_provider;creation_time;update_time
1;Small;program frictionless compressing;2021-09-12T04:21:32;2021-09-12T10:39:42
2;Shirt;user-facing Summit Persevering;2021-09-13T00:47:01;2021-09-12T10:21:49
3;Data Accountability;Rubber override Haven;2021-09-13T02:59:48;2021-09-12T14:49:39
4;contextually-based synergistic S;overriding International Home;2021-09-12T09:25:07;2021-09-12T17:05:55
5;relationships;Auto Functionality deposit;2021-09-13T01:02:07;2021-09-12T20:54:09
6;Lilangeni Isle Down-sized;Loan middleware Officer;2021-09-12T19:12:54;2021-09-12T13:46:19
7;Shoes SDD;eyeballs;2021-09-13T02:17:36;2021-09-12T03:17:32
8;Metal Bike;virtual Cloned Frozen;2021-09-12T10:11:24;2021-09-12T15:51:32
9;hack seize functionalities;Sports integrate Specialist;2021-09-12T07:28:51;2021-09-13T03:05:57
10;Belarussian;encryption Shoes;2021-09-12T11:34:20;2021-09-12T15:55:01
