id;version;bootstrap_servers;security_configuration;description;creation_time;update_time
1;Creative invoice Triple-buffered;Optional Bahamas integrate;hacking;Rustic;2021-09-07T20:36:57;2021-09-07T20:39:31
2;online ADP;Buckinghamshire hacking Pizza;Rial Product;Granite;2021-09-07T14:29:35;2021-09-07T18:39:05
3;purple orange;productivity productivity;Markets Sum;Secured;2021-09-08T00:23:39;2021-09-07T16:37:00
4;generate;installation navigating;Reverse-engineered Dynamic Loan;circuit;2021-09-08T00:55:08;2021-09-07T06:53:29
5;Loan;port Marketing repurpose;white Pizza;auxiliary SMTP payment;2021-09-07T16:56:55;2021-09-07T11:26:50
6;Cambridgeshire Nevada index;Regional Future Investor;Jordanian Games wireless;Director;2021-09-08T04:15:55;2021-09-07T14:59:37
7;mindshare Kina;e-business;withdrawal;Home Seychelles systems;2021-09-07T18:36:45;2021-09-07T22:13:52
8;incubate SAS clicks-and-mortar;Bhutan experiences;Triple-buffered Checking transmit;teal optimizing;2021-09-08T00:18:29;2021-09-07T11:01:42
9;background Chair;Towels;Architect;Handmade;2021-09-08T03:24:05;2021-09-07T15:48:02
10;indigo South Generic;compress transparent;Salad;Iran;2021-09-07T08:23:24;2021-09-07T19:29:45
