id;name;creation_time;update_time
1;Loan;2021-09-08T05:32:59;2021-09-07T12:26:27
2;Bypass Direct;2021-09-07T15:43:02;2021-09-07T17:53:32
3;International open-source Specialist;2021-09-07T16:14:39;2021-09-08T05:18:57
4;infrastructure Loan Iceland;2021-09-07T14:03:48;2021-09-08T06:52:03
5;Distributed Soft PCI;2021-09-08T02:38:52;2021-09-07T20:02:17
6;Fish invoice;2021-09-08T02:55:13;2021-09-07T10:55:29
7;redundant quantify;2021-09-07T15:41:33;2021-09-08T02:50:57
8;Progressive withdrawal communities;2021-09-08T04:43:28;2021-09-07T15:01:41
9;Director;2021-09-07T07:16:54;2021-09-07T12:16:44
10;monitor Bedfordshire USB;2021-09-07T13:14:34;2021-09-07T10:40:17
