id;excluded_columns;masked_columns;mask_hash_algorithm;mask_hash_algorithm_salt;creation_time;update_time
1;RSS Incredible lime;Program holistic turquoise;auxiliary radical;paradigm;2021-09-08T04:44:50;2021-09-07T14:59:32
2;Salad;24/7 Usability;Ways synthesize;mobile Tennessee Clothing;2021-09-08T03:34:15;2021-09-07T23:13:28
3;Marketing;monitor Cyprus Chips;Expanded;Pizza;2021-09-07T12:52:29;2021-09-08T00:50:11
4;harness National card;Auto back-end Texas;Concrete seamless Group;Christmas;2021-09-07T12:43:03;2021-09-08T02:16:38
5;open-source;Frozen Rubber;input Cambridgeshire Central;North;2021-09-08T03:11:26;2021-09-07T11:02:47
6;Fish;compress invoice;Cote;Associate info-mediaries;2021-09-07T19:06:52;2021-09-07T13:41:24
7;channels Avon;envisioneer orchid;Plastic generating;Cotton orchestrate ADP;2021-09-08T04:05:31;2021-09-08T03:53:03
8;Industrial Clothing interfaces;Borders Ergonomic Computers;maximize Computer;parsing salmon Dobra;2021-09-07T07:23:33;2021-09-07T09:33:36
9;Account SQL;mission-critical vortals paradigms;methodical Sports Group;Legacy hack proactive;2021-09-07T09:51:40;2021-09-07T19:27:16
10;Movies Malawi;Generic;Health Steel Plastic;Granite online azure;2021-09-07T07:16:56;2021-09-07T12:20:47
